"book","quote"
"adams2003cheval","Qu’est-ce qu’ils ont donc les Américains à être toujours acharnés à tirer mes lapins ? Je leur ai acheté quelques cartes routières dans l’espoir de pouvoir les persuader de faire quelques longues et saines promenades et de ne plus penser à tirer des lapins."
"adams2003cheval","Revenu au carrefour, il essaya de faire le rapprochement entre les renseignements figurant sur le panneau indicateur et ceux qu’il déchiffrait sur la carte. Mais ça n’était pas possible. Le carrefour se trouvait délibérément sur la partie de la carte à cheval sur deux pages et le panneau tournait malicieusement dans le vent."
"adams2003cheval","Quelques virages plus tard, j’étais complètement perdu. Il y a des gens qui estiment que, dans ces cas-là, on devrait consulter une carte, mais à ces gens-là je réponds simplement : “Ah ! et si vous n’avez pas de carte à consulter ? Et si vous avez une carte et que ce soit celle de la Dordogne ?” Ma stratégie à moi est de trouver une voiture, ou ce qui s’en rapproche le plus, qui ait l’air de savoir où elle va et de la suivre. Je me retrouve rarement là où j’avais l’intention d’aller, mais souvent quelque part où j’avais besoin de me trouver. Qu’est-ce que vous dites de ça ?"
"adams2004tiroir","Ça me rappelle un autre de mes éléments de culture générale favoris : le tracé du Transsibérien fait à un endroit un grand détour en dent de scie avant de redevenir rectiligne, parce que quand le tsar en a ordonné la construction (je ne sais pas de quel tsar il s’agissait, car je ne suis pas dans mon bureau : je suis adossé à un truc affreusement moche, dans le Michigan, et il n’y a pas de livres), il a tracé une ligne sur une carte avec une règle. La règle était ébréchée."
"arcand1994lieux","En somme, les cartes routières et les cartes maritimes ne sont pas si différentes des cartes de crédit. Les premières guident les voyages dans l'espace, tandis que les secondes permettent le déplacement dans le temps."
"asimov1967robots","Peut-être est-ce en considération de ce fait que Ching ne possédait que deux cartes pour tout ornement, dans son bureau. L’une était un vieux document tracé à la main, représentant un arpent de terre ou deux et portant les pictogrammes, actuellement tombés en désuétude, de la Chine antique. Une petite crique était dessinée de biais sur des lignes passées et l’on distinguait les délicats coups de pinceau indiquant des huttes basses, dans l’une desquelles était né le grand-père de Ching."
"asimov1967robots","La seconde carte était immense, d’un graphisme précis, avec tous les noms inscrits en caractères cyrilliques soignés. La frontière rouge qui délimitait la Région Est englobait dans son enceinte tout ce qui avait été autrefois la Chine, les Indes, la Birmanie, l’Indochine et l’Indonésie. Sur cette carte, dans la vieille province de Szechuan, se trouvait une petite marque si légère que nul ne pouvait la voir et qui indiquait l’emplacement de la ferme ancestrale de Ching."
"atwood2017servante","Il avait dit que les passeports étaient à toute épreuve, et nous avions eu si peu de temps pour nous organiser. Peut-être avait-il un plan, une espèce de carte en tête."
"balzac1833grandet","En revenant de la messe où elle alla le lendemain du départ de Charles, et où elle avait fait vœu d’aller tous les jours, elle prit, chez le libraire de la ville, une mappemonde qu’elle cloua près de son miroir, afin de suivre son cousin dans sa route vers les Indes, afin de pouvoir se mettre un peu, soir et matin, dans le vaisseau qui l’y transportait, de le voir, de lui adresser mille questions, de lui dire : — Es-tu bien ? ne souffres-tu pas ? penses-tu bien à moi, en voyant cette étoile dont tu m’as appris à connaître les beautés et l’usage ? Puis, le matin, elle restait pensive sous le noyer, assise sur le banc de bois rongé par les vers et garni de mousse grise où ils s’étaient dit tant de bonnes choses, de niaiseries, où ils avaient bâti les châteaux en Espagne de leur joli ménage."
"balzac1855catherine","Quand même les savants et les bibliothèques ne posséderaient pas de cartes où le Louvre sous Charles IX est parfaitement indiqué, le monument porte la réfutation de cette erreur. Tous les rois qui ont coopéré à cette œuvre immense n’ont jamais manqué d’y graver leur chiffre ou une anagramme quelconque."
"balzac1972chagrin","A cette heure maudite, vous rencontrerez des yeux dont le calme effraie, des visages qui vous fascinent, des regards qui soulèvent les cartes et les dévorent. Aussi les maisons de jeu ne sont-elles sublimes qu’à l’ouverture de leurs séances."
"baricco1997soie","Le quarante-deuxième, il capitula, ouvrit un tiroir de sa malle de voyage, en sortit une carte du Japon, la déplia, et prit la petite feuille qu'il y avait caché, des mois plus tôt."
"baricco1997soie","Hervé Joncour avait vingt-quatre ans alors. Baldabiou l'invita chez lui, étala sous ses yeux un atlas rempli de noms exotiques et lui dit : Félicitations. Tu as enfin trouvé un travail mon garçon."
"baricco1997soie","Il n'avait que quelques cartes, approximatives, et ce qu'il lui restait de ses souvenirs."
"baricco2014ocean","La présente information doit être tenue véridique et, en conséquence, devra figurer sur tous les documents et cartes du royaume."
"barjavel1943ravage","Pendant les cinquante dernières années, les villes avaient débordé de ces limites rondes qu’on leur voit sur les cartes du XXe siècle. Elles s’étaient déformées, étirées le long des voies ferrées, des autostrades, des cours d’eau. Elles avaient fini par se rejoindre et ne formaient plus qu’une seule agglomération en forme de dentelle, un immense réseau d’usines, d’entrepôts, de cités ouvrières, de maisons bourgeoises, d’immeubles champignons."
"barjavel1943ravage","Rentré au camp, François consulta les cartes. Elles lui montrèrent le magnifique réseau d’autostrades, squelette autour duquel s’arrondissait la chair des villes soudées les unes aux autres en un seul corps. Mais entre ces villes, à part une ceinture de bois et jardins truffés de villas, qui s’étendait à cinquante kilomètres autour de Paris, à part la région méridionale coupée de nombreuses routes, à part quelques cités de loisirs au cœur de la campagne, les cartes ne montraient rien que les taches jaunes de la brousse qui avait remplacé les champs cultivés et envahi les chemins."
"barjavel1968nuit","On avait découpé sur la carte le continent en tranches de melon, et la mission française implantée de façon permanente à la base Paul-Emile Victor avait découpé sa tranche en petits rectangles et trapèzes qu’elle explorait systématiquement l’un après l’autre."
"barjavel1968nuit","Eléa regarde le globe, et le fait tourner avec perplexité. On dirait qu’elle ne le reconnaît pas. Sans doute les conventions géographiques de son temps n’étaient-elles pas les mêmes que les nôtres. Les océans bleus, peut-être ne comprend-elle pas ce qu’ils représentent, si, sur les cartes de son époque, ils figuraient par exemple en rouge ou en blanc... Peut-être le Nord était-il en bas au lieu d’être en haut, ou bien à gauche, ou à droite ?"
"baum2019nuit","En quelques mots, tout est dit. Il est temps pour nous d'aller explorer la nuit, d'ouvrir une nouvelle voie. De voyager dans le blanc des cartes ! Comme Marco Polo, Vasco de Gama, Magellan."
"beaudelaire1857voyage","Pour l'enfant, amoureux de cartes et d'estampes, l'univers est égal à son vaste appétit. - Ah ! que le monde est grand à la clarté des lampes ! - Aux yeux du souvenir que le monde est petit !"
"beckett1952godot","Je me rappelle les cartes de la Terre sainte. En couleur. Très jolies. La mer Morte était bleu pâle. J'avais soif rien qu'en la regardant."
"begaudeau2007murs","Sous le planisphère où l'URSS régnait en rouge, Mohamed et Kévin se disputaient la place à côté de Fouad."
"begaudeau2007murs","- Voilà, j'vous le disais. Si une bombe rayait l'Autriche de la carte, personne s'en rendrait compte."
"begaudeau2018guerre","Nuit et jour, il suit sa progression figurée par des pointillés sur la mappemonde qui nappe en permanance la table du salon."
"begaudeau2018guerre","Il ne ressent pas de plaisir particulier à rayer une usine de la carte, ou s'il en ressent c'est égal."
"begaudeau2018guerre","Sur une carte de la ville, les traits noirs et rouges figurant leurs déplacements réguliers respectifs ne fusionnent qu'au niveau du tronçon supérieur de la rue de la Résistance, bordée en amont par le magasin H&M, en aval par une agence de la SOciété générale."
"borges1935histoire","... En cet empire, l’Art de la Cartographie fut poussé à une telle Perfection que la Carte d’une seule Province occupait toute une Ville et la Carte de l’Empire toute une Province. Avec le temps, ces Cartes Démesurées cessèrent de donner satisfaction et les Collèges de Cartographes levèrent une Carte de l’Empire, qui avait le Format de l’Empire et qui coïncidait avec lui, point par point. Moins passionnées pour l’Étude de la Cartographie, les Générations Suivantes réfléchirent que cette Carte Dilatée était inutile et, non sans impiété, elles l’abandonnèrent à l’Inclémence du Soleil et des Hivers. Dans les Déserts de l’Ouest, subsistent des Ruines très abîmées de la Carte. Des Animaux et des Mendiants les habitent. Dans tout le Pays, il n’y a plus d’autre trace des Disciplines Géographiques.<br/>Suarez Miranda, Viajes de Varones Prudentes,Lib. IV, Cap. XIV, Lerida, 1658"
"bouffler1805oeuvres","L'erreur est à la réalité ce qu'un tableau de paysage est à la carte topographique."
"bouffler1805oeuvres","Dans la carte, rien n'est à sa place apparente ; dans le paysage, rien n'est à sa place réelle ; mais l'un plait, et l'autre ne fait qu'instruire."
"bradbury1954chroniques","Timothy regarda le dernier papier que papa jeta dans le feu. C’était une carte du Monde. Elle se tordit, se recroquevilla sous les flammes, et pffft, s’évanouit comme un papillon noir. Timothy détourna la tête."
"breton1976amour","La vie est lente et l'homme ne sait guère la jouer. Les possibilités d'atteindre l'être susceptible de l'aider à la jouer, de lui donner tout son sens, se perdent dans la carte des astres."
"bussi2014main","Aja observe quelques instants la carte se colorer. Jaune. Orange. Rouge. Il faudra plusieurs heures pour la peindre ... soudain, elle saisit un jeu de marqueurs."
"bussi2014main","Personne ne doit s'apercevoir que tu es une petite fille. Donc, tu lui montres la liste et tu te contentes de vérifier s'il y a tout. Une carte au 1/25000."
"bussi2014main","Jipé réfléchit comme s'il fasait défiler mentalement la carte de l'île devant ses yeux."
"bussi2015sable","Avec sur une grande table, une grande carte de Normandie, et en tout petit sur la carte, le village de Deux-Jumeaux. Un petit point noir."
"bussi2016temps","J'ai...j'ai placé un mouchard dans son téléphone... Un Spytic ... Un logiciel espion qui permet de la suivre, de localiser en permanence ses coordonnées géographiques."
"calvino1957baron","La Générale ne savait s’occuper qu’à ces travaux traditionnellement féminins : mais sa passion guerrière s’y donnait libre cours. Guipures et broderies représentaient habituellement des cartes géographiques : tendues sur des coussins ou sur des tapisseries, elles étaient piquetées d’épingles et de petits drapeaux reproduisant les batailles de la Succession d’Autriche, que notre mère connaissait par cœur."
"calvino1973villes","Le Grand Khan possède un atlas où toutes les villes de l’empire et des royaumes limitrophes sont dessinées palais par palais et rue par rue, avec les murs, les fleuves, les ponts, les ports, les écueils. Il sait qu’il est inutile d’attendre des récits de Marco Polo des nouvelles de ces endroits, que du reste il connaît bien : comment à Cambaluc, capitale de la Chine, trois villes carrées se tiennent l’une dans l’autre, avec dans chacune quatre temples et quatre portes qu’on ouvre selon les saisons ; comment dans l’île de Java le rhinocéros à la corne meurtrière charge et sévit ; comment on pêche des perles au fond de la mer sur les côtes de Malabar."
"calvino1973villes","Le Grand Khan possède un atlas dont les dessins représentent le globe terraqué dans son ensemble et continent par continent, les confins des plus lointains royaumes, les routes maritimes, le contour des côtes, les plans des métropoles les plus illustres et des ports les plus opulents. Il en feuillette les planches sous les yeux de Marco Polo pour mettre à l’épreuve ses connaissances. Dans la ville qui couronne sur trois rives un long détroit, un golfe mince et une mer intérieure, le voyageur reconnaît Constantinople ; il se rappelle que sur deux collines de hauteur inégale et qui se font face Jérusalem est bâtie ; il n’hésite pas à désigner Samarcande et ses jardins."
"calvino1973villes","— Il me semble que tu reconnais mieux les villes sur l’atlas qu’en les visitant en personne, dit à Marco l’empereur, refermant le livre tout à coup.<br./>Et Polo :<br/>— En voyageant on s’aperçoit que les différences se perdent : chaque ville en arrive à ressembler à toutes les villes, les lieux les plus divers échangent forme, ordre, distances ; une informe poussière envahit les continents. Ton atlas garde intactes les différences : cet assortiment de qualités qui sont comme les lettres d’un nom."
"calvino1973villes","L’atlas a cette qualité : il révèle la forme des villes qui n’ont pas encore de forme ni de nom. Il y a la ville qui a la forme d’Amsterdam, demi-cercle tourné vers le septentrion, avec ses canaux concentriques : celui des Princes, celui de l’Empereur, celui des Seigneurs ; il y a la ville qui a la forme de York, resserrée entre de hautes bruyères, fermée de murs, hérissée de tours ; il y a la ville qui a la forme de la Nouvelle-Amsterdam dite également Nouvelle-York, écrasée de tours en verre et en acier sur une île oblongue entre deux fleuves, avec des rues comme de profonds canaux tous rectilignes, sauf Broadway."
"calvino1973villes","Le catalogue des formes est infini : aussi longtemps que chaque forme n’aura pas trouvé sa ville, de nouvelles villes continueront de naître. Là où les formes épuisent leurs variations et se défont, commence la fin des villes. Sur les dernières planches de l’atlas, se diluent des réticules sans commencement ni fin, des villes qui ont la forme de Los Angeles, la forme de Kyoto-Osaka, qui n’ont pas de forme."
"caroll1869alice","Ensuite, elle examina les parois du puits, et remarque qu'elles étaient garnies de placards et d'étagères ; par endroit, des cartes de géographie et des tableaux se trouvaient accrochées à des pitons."
"caroll1876snark","Il avait, de la mer, acheté une carte ne figurant le moindre vestige de terre ; Et les marins, ravis, trouvèrent que c’était une carte qu’enfin ils pouvaient tous comprendre. De ce vieux Mercator à quoi bon Pôles Nord, Tropiques, Equateurs, Zones et Méridiens ? Tonnait l’Homme à la Cloche ; et chacun de répondre : Ce sont conventions qui ne riment à rien! Quels rébus que ces cartes, avec tous ces caps Et ces îles ! Remercions le Capitaine De nous avoir, à nous, acheté la meilleure – Qui est parfaitement et absolument vierge !"
"celine1932voyage","Je ne lui avais rien fait, moi, à ce Pinçon ! À lui, pas plus d’ailleurs qu’aux Allemands !... Avec sa tête de pêche pourrie, ses quatre galons qui lui scintillaient partout de sa tête au nombril, ses moustaches rêches et ses genoux aigus, et ses jumelles qui lui pendaient au cou comme une cloche de vache, et sa carte au 1/1000, donc ? Je me demandais quelle rage d’envoyer crever les autres le possédait celui-là ? Les autres qui n’avaient pas de carte."
"celine1932voyage","Pour ce qui concerne la géographie le lieutenant Grappa n’estimait guère qu’à l’aide de quelques cartes très approximatives qu’il possédait au Poste, les vastes territoires confiés à sa garde. Il n’avait pas non plus très envie d’en savoir davantage sur leur compte à ces territoires. Les arbres, la forêt, après tout, on sait ce que c’est, on les voit très bien de loin."
"cervantes1605quichotte","Les courtisans, en effet, n’ont que faire de quitter leurs appartements ni de franchir le seuil du palais ; ils se promènent par le monde entier en regardant une carte géographique, sans dépenser une obole, sans souffrir le froid et le chaud, la soif et la faim. Mais nous, chevaliers errants et véritables, c’est au soleil, au froid, à l’air, sous toutes les inclémences du ciel, de nuit et de jour, à pied et à cheval, que nous mesurons la terre entière avec le propre compas de nos pieds."
"chalandon2008mon","Sur la carte de la ville, les traits noirs et rouge figurant leurs déplacements réguliers respectifs ne fusionnent qu'au niveau du tronçon supérieur de la rue de la Resistance."
"char1944hypnos","Mettre en route l’intelligence sans le secours des cartes d’état-major."
"clarke1968odyssee","— L’année dernière, nous nous sommes livrés à une exploration magnétique de cette région à partir d’un satellite placé sur orbite basse. Nous l’avons achevée le mois dernier et en voici le résultat : cette carte, par quoi tout a commencé.
Une seconde image apparut. Elle évoquait une carte de niveaux bien qu’il s’agît uniquement d’une représentation de divers champs magnétiques. Les lignes étaient en général rigoureusement parallèles et bien délimitées mais, dans un angle, elles se rapprochaient brusquement pour former des cercles concentriques. Cela ressemblait à un nœud dans une planche. Même pour un œil non exercé, il apparaissait évident que le champ magnétique était, dans cette région, d’une nature particulière."
"claudel2007rapport","J'ai peur que mes cartes ne soient imprécises."
"claudel2007rapport","Les yeux fermés, il pourrait dessiner chaque fôret, chaque roche, chaque crête, chaque ruisseau et les placer sans faillir sur une carte."
"claudel2007rapport","Je venais d'un pays qui n'existait pas dans leur esprit, un pays qu'auncune carte n'avais jamais mentionné."
"cline2013player","Sur la carte, les campus scolaires apparaissaient comme des milliers de rectangles, numérotés à l’identique, qui ponctuaient la surface de la planète. Ils étaient séparés par des champs vallonnés, des fleuves, des chaînes de montagnes et des forêts de toutes les formes et tailles possibles. La plupart bordaient l’une des écoles. J’ai affiché le module du Tombeau des horreurs à côté de la carte. Une illustration rudimentaire de la colline où était dissimulé le tombeau figurait en tête du fascicule. J’ai effectué une capture d’écran de cette illustration, puis je l’ai rangée dans un coin de mon champ visuel."
"damasio2019furtifs","Un furtif… Qu’est-ce qu’aurait fait un furtif en pareil cas ? Je me suis isolée sur la table à coussin d’air, dans le carré des jeux vintage et j’y ai étalé la carte au soleil. La première chose qui m’a sauté aux yeux, c’était que toutes les voies avaient un nom de baptême, qu’elles fussent rouges, grises ou bleues. Un nom griffonné avec une fine écriture de plume qui suivait le fil de chaque ligne ou courbe. Si tu faisais abstraction de l’enjeu, la carte ressemblait à un phare à éclats, tout en traits et phrases, elle sonnait (sur le papier) comme le récitatif d’un oratorio qui se serait chanté (dans les faits) avec des courses, des bonds et des vols de proche en proche à travers la ville. Plutôt que de chercher tout de suite les meilleures voies, je me suis laissée porter par ces noms."
"desnos1922rrose","Amoureux voyageur sur la carte du tendre, pourquoi nourrir vos nuits d'une tarte de cendre ?"
"despentes2006king","a dichotomie mère-putain est tracée à la règle sur le corps des femmes, façon carte d'Afrique : ne tenant aucunement compte des réalités du terrain, mais uniquement des intérêts des occupants."
"despentes2017vernon","Il sait que si on étudiait la care de son cerveau, on découvrirait des zones neuronales sinistrées, comme après un traumatisme crânien particulièrement violent. "
"despentes2017vernon","Il regarde dans la rue les touristes se déplacer avec leurs cartes routières."
"despentes2017vernon","Eux ils faisaient la guerre sur carte d'état major toi tu buvais de la bière pour suppporter la mort."
"despentes2017vernon","En étendant le linge, elle allume la radio. Ils parlent du chaliter qui a fait naufrage sur les côtes libyennes dans la nuit du 18 au 19 avril. Ils disent huit cent morts. Vingt-huit rescapés. Ils disent Syrie Erythrée Somalie Libye. Une cartographie de la terreur."
"deville2018taba","Ouvrir une carte Michelin détaillée à couverture jaune, déplier son accordéon sur la table d'un café suffit à l'ivresse. A sa lecture on voit tous ces villages, ces petites routes secondaires, les plus belles du monde selon Fernand Braudel, qui suivent les sinuosités et parlent le langage précis du relief, ces virages surlignés du vert émeraude des panoramas, le vert pomme des forêts, le bleu des lacs."
"dick1970maitre","— Et après avoir vaincu Rommel, les Britanniques auraient pu envoyer toute leur armée à travers la Turquie à la rencontre des restes des armées russes et stabiliser la situation. Dans le livre, ils arrêtent l’avance allemande vers l’est près d’une ville russe sur la Volga. Je n’ai jamais entendu parler de cette ville, mais elle existe vraiment, j’ai regardé dans l’atlas. — Et comment s’appelle-t-elle ? — Stalingrad. C’est là que les Britanniques renversent la situation."
"dickens1861esp","Je dînai à l’endroit qu’Herbert et moi nous appelions la gargote géographique, où il y avait une mappemonde sur les rebords des pots à bière et sur chaque demi-mètre de la nappe, et des cartes tracées avec le jus sur chaque couteau, — aujourd’hui, c’est à peine s’il y a une seule gargote dans le domaine du Lord Maire qui ne soit pas géographique, — et je passai le temps à faire des boulettes de mie de pain, à regarder les becs de gaz, et à cuire dans la chaude atmosphère des dîners."
"doyle1902chien","— Après votre départ, j’ai envoyé chercher à Stamford la carte officielle de la lande de Dartmoor et mon esprit l’a parcourue en tous sens. À cette heure, je me flatte de pouvoir y retrouver mon chemin sans guide.<br/>— Cette carte est donc établie à une grande échelle ?<br/>— Très grande."
"dumas1844cristo","Aussi, pendant les longues journées de bord, quand le navire courant avec sécurité sur cette mer d’azur n’avait besoin, grâce au vent favorable qui gonflait ses voiles, que du secours du timonier, Edmond, une carte marine à la main, se faisait instituteur avec Jacopo comme le pauvre abbé Faria s’était fait instituteur avec lui. Il lui montrait le gisement des côtes, lui expliquait les variations de la boussole, lui apprenait à lire dans ce grand livre ouvert au-dessus de nos têtes, qu’on appelle le ciel, et où Dieu a écrit sur l’azur avec des lettres de diamant."
"dumas1844gabriel","Je me procurai une carte géographique, et je demandai à l’un de nos marins qui avait fait plusieurs voyages en Amérique quelle était la route que suivaient les bâtiments pour se rendre à la Guadeloupe. Il me traça une longue ligne au crayon, et j’eus au moins une consolation, ce fut de voir quel chemin suivait Gabriel en s’éloignant de moi."
"dumas1844trois","Et le cardinal se mit à examiner avec la plus grande attention la carte de La Rochelle, qui, ainsi que nous l’avons dit, était étendue sur son bureau, traçant avec un crayon la ligne où devait passer la fameuse digue qui dix-huit mois plus tard fermait le port de la cité assiégée."
"eco1982rose","Et lui regardait dans le vide avec ses yeux éteints, comme s’il fixait des pages toujours vives dans sa mémoire et il répondait que les faux prophètes sont habillés comme des évêques et que des grenouilles sortent de leur bouche, ou bien qu’elles étaient les pierres qui devaient orner les murs de la Jérusalem céleste, ou que les Arimaspes se doivent figurer dans les cartes géographiques près de la terre du prêtre Jean – recommandant de ne point exagérer en les faisant séduisants dans leur monstruosité, car il suffisait qu’ils fussent représentés de façon emblématique, reconnaissables, mais non désirables, ou repoussants jusqu’au rire."
"egan1995axiomatique","Un jour, j’ai vu mon père consulter un plan de la ville et, en dépit de ma timidité, je lui ai demandé ce que c’était. J’avais vu des globes terrestres et des cartes du pays à l’école, mais pas de plans de ce genre. Il me montra notre maison, mon école, son lieu de travail, à la fois dans les pages qui détaillaient les quartiers, et sur la carte récapitulative qui occupait les pages de garde. À cette époque, tous les guides des rues étaient produits par la même maison d’édition. Chaque famille en avait un. Tous les jours, pendant des semaines, j’ai cassé les pieds à mon père ou à ma mère pour qu’ils me montrent des choses sur la grande carte. Je suis arrivé à en mémoriser une bonne partie. Je savais que j’étais sur la piste de quelque chose d’important – mais l’idée que c’était moi qui me déplaçais de lieu en lieu dans une ville fixe ne m’avait pas encore traversé."
"egan1998radieux","Comme la carte se déployait – la constante remise à l’échelle nécessaire pour qu’elle continue à tenir sur l’écran donnant l’impression troublante que nous nous repliions aussi rapidement que nous le pouvions devant les mathématiques étrangères, et évitions tout juste d’être absorbés –, Alison restait assise, penchée en avant, attendant le spectacle final."
"farnel2017malicieuse","Une fois que les bandes s’étaient formées, elles étaient devenues des continents qui dérivaient sur le planisphère de la cour de récré, des pays qui avaient fini par voir le jour et vous faisaient autant d’étrangers qu’il y avait de frontières."
"feval1860tenebre","Le préfet de police ne prenait pas même la peine de cacher sa mauvaise humeur ; il était un peu jaloux du baron et trouvait malséant que l’on pût préférer à ses troupes éprouvées je ne sais quelles milices venant d’un petit pays qu’il eût couvert avec son pouce sur le planisphère."
"gogh1888theo","Moi je déclare ne pas en savoir quoi que ce soit, mais toujours la vue des étoiles me fait rêver, aussi simplement que me donnent à rêver les points noirs représentant sur la carte géographique villes et villages. Pourquoi me dis-je, les points lumineux du firmament nous seraient-ils moins accessibles que les points noirs sur la carte de France ?
Si nous prenons le train pour nous rendre à Tarascon ou à Rouen, nous prenons la mort pour aller dans une étoile.
Ce qui est certainement vrai dans ce raisonnement, c’est qu’étant en vie, nous ne pouvons pas nous rendre dans une étoile, pas plus qu’étant morts, nous puissions prendre le train."
"goscinny1960nicolas","Nous sommes retournés dans la chambre d’Agnan et là, il m’a montré la mappemonde. C’est une grosse boule en métal, sur laquelle on a peint des mers et des terres. Agnan m’a expliqué que c’était pour apprendre la géographie et où se trouvaient les pays. Ça, je le savais, il y a une mappemonde comme ça à l’école et la maîtresse nous a montré comment ça marche. Agnan m’a dit qu’on pouvait dévisser la mappemonde et alors, ça ressemblait à une grosse balle. Je crois que c’est moi qui ai eu l’idée de jouer avec, ce n’était pas une très bonne idée."
"green2017margo","Impossible de la coicer avec des cartes. Elle était trop petite et l'espace couvert par les cartes, trop grand."
"green2017margo","Je n'arrêtais pas de penser aux cartes, comme je le faisais parfois étant petit, m'imaginant déjà ailleurs ne serait-ce qu'en consultant un atlas. Voilà ce que je devais faire. L'entendre et imaginer comment pénétrer sa carte."
"grossman1980vie","La carte de la guerre, qui était étalée devant le commandant du front à son Q.G. de Krasni Sad, ici grondait et fumait, respirait la vie et la mort. Il croyait reconnaître le pointillé de feu de la première ligne, qu’il avait tracé de sa main ; il croyait reconnaître les flèches des avancées de Paulus vers la Volga, les concentrations des pièces d’artillerie, les centres de la défense qu’il avait entourés de crayons de couleur. Mais quand, dans son Q.G., il regardait la carte étalée sur la table, il se sentait capable d’infléchir, de déplacer la ligne du front, il pouvait obliger l’artillerie lourde sur la rive gauche à se mettre en action. Il s’y sentait le maître."
"grossman1980vie","Les ronds, triangles, losanges devenaient de jour en jour plus nombreux, le réseau de chiffres, les numéros des unités, devenaient de jour en jour plus serrés sur la carte que ne connaissaient que quelques hommes au monde ; c’étaient les nouvelles armées du nouveau groupe d’armées du sud-ouest qui se constituait sur sa base de départ."
"guedj2013theoreme","Il avait déplié une carte immense de l’Amazonie. Une immense étendue verte occupait le lit de Jonathan sur toute sa largeur"
"guedj2013theoreme","Sur quelle carte la route qui menerait au but était-elle tracée ?"
"guez2017disparition","Avellaneda, La Boca, Montserrat, Congreso... une carte dépliée, il se familiarise avec la topographie de Buenos Aires et se sent miniscule devant le damier, une puce insignifiante, lui qui terrorisait tout un royaume il n'y a pas si longtemps."
"harrison1991dalva","Je me suis mise à trembler si fort que je me suis garée près d'un jardin pour regarder ma carte."
"hess1943perles","Ce vieil homme silencieux qui, lorsqu’on le connaissait mieux, pouvait se révéler du tempérament le plus passionné, disposait dans la petite pièce intérieure de la bibliothèque d’une table de travail particulière, toujours couverte de livres, de manuscrits et de cartes géographiques. Dans ce monastère qui possédait des livres sans prix, il avait l’air d’être le seul savant qui travaillât vraiment sérieusement."
"hobb1998assassin","— Loin de Castelcerf ? » répétai-je, abasourdi. J’eus l’impression qu’on ouvrait un rideau. Je n’y avais jamais pensé. Soudain, les routes qui partaient de Castelcerf se mirent à briller dans ma tête et les cartes assommantes que j’avais été obligé d’étudier se remplirent de lieux vivants où je pouvais me rendre. J’en restai confondu."
"houellebecq2010carte","Jed consacra sa vie (du moins sa vie professionnelle, qui devait assez vite se confondre avec l'ensemble de sa vie) à l'art, à la production de représentations du monde, dans lesquelles cependant les gens ne devaient nullement vivre."
"howey2014silo","Plus triste encore, il se voyait lui-même des décennies plus tard, en vieil homme solitaire assis devant cet écran gris, à dessiner non des cartes du ciel mais des paysages."
"howey2014silo","C'était l'homme qui aimait tant cartographier les étoiles qui en était touché."
"howey2014silo","Ils se tenaient tous devant une carte géante tendue au mur comme une tapisserie. Les diagrammes étaient précis, les caractères ornés. On y voyait une série de cercles espacés de façon régulière, séparés par des lignes et remplis de petits détails. Plusieurs d'entre eux étaient barrés de croix rouges."
"hugo1906quatre","Quand il fut sur le sommet, il s’adossa à la pierre milliaire, s’assit sur une des quatre bornes qui en marquaient les angles, et se mit à examiner l’espèce de carte de géographie qu’il avait sous les pieds. Il semblait chercher une route dans un pays d’ailleurs connu. Dans ce vaste paysage, trouble à cause du crépuscule, il n’y avait de précis que l’horizon, noir sur le ciel blanc."
"jaccaud2013nuit","Lucie observait la carte digitale projetée par l'appareil sur le pare-brise ; comme un réseau sanguin tiré d'une image composée par Bourgery. L'un des vingt-quatre satellites qui constituaient le maillage de l'observation globale de la planète relayait les informations dans le GPS avec une autorité que personne n'osait plus contester. Les principaux axes, les routes, les rues et les ruelles s'affichaient en bleu, rouge ou vert suivant l'importance de la saturation."
"jardin1995ile","A en croire le capitaine Renard, une île singulière gisait dans l'hémisphère sud, entre 22°15 et 22°17 de la latitude sud et sur une longitude qu'il est encore prudent de taire."
"jardin1995ile","Cependant, accoudée à la nacelle, Emily se demandait en quoi pouvait bien ressembler ce petit monde de gens réconciliés avec une certaine idée du bonheur accessible, ce territoire mythique absent des cartes, si éloigné de notre Europe qui ne croyait qu'en l'effort, aux beautés du désespoir, à la fatalité de la souffrance et de l'échec amoureux."
"kafka2002lettre","Il m'arrive d'imaginer la carte de la Terre déployée et de t'imaginer étendu transversalement sur toute sa surface."
"kant1781raison","Avant, toutefois, de nous risquer sur cette mer pour l’explorer dans toutes ses dimensions et nous assurer qu’il s’y trouve quelque chose à espérer, il nous sera utile de jeter encore un coup d’œil sur la carte du pays que nous allons quitter, et de nous demander, en premier lieu, si en tout état de cause nous ne pourrions-nous satisfaire de ce qu’il contient, ou même s’il ne faut point, par nécessité, nous en satisfaire, au cas où ne se trouverait nulle part ailleurs aucun sol sur lequel il nous fût possible de nous établir ; ensuite, nous nous demanderons à quel titre nous-mêmes possédons ce pays et parvenons à nous y maintenir contre toutes les prétentions ennemies."
"kessel1955rubis","Les grands voyages ont ceci de merveilleux que leur enchantement commence avant le départ même. On ouvre les atlas, on rêve sur les cartes. On répète les noms magnifiques des villes inconnues."
"kessel1955rubis","Les grands voyages ont ceci de merveilleux que leur enchantement commence avant le départ même. On ouvre les atlas, on rêve sur les cartes. On répète les noms magnifiques des villes inconnues..."
"klee1959journal","Deux lettres et deux cartes sont en route vers le Nord qui ne supposent point de réponse."
"koestler1940zero","Il jeta à la dérobée un regard aux geôliers debout au centre du cercle, qui s’entretenaient avec animation et ne semblaient pas s’intéresser aux prisonniers, puis il retira vivement le carnet et le crayon de la poche de Roubachof et se mit à griffonner quelque chose, en se cachant sous sa couverture en cloche. Il eut bientôt fini, déchira la page, et la mit dans la main de Roubachof ; mais il conserva le crayon et le carnet et continua d’écrire. Roubachof s’assura que les gardes ne les voyaient pas et regarda la page. Rien n’y était écrit, c’était un dessin : une carte du pays où ils se trouvaient, dessinée avec une précision surprenante. On y voyait les villes principales, les montagnes et les fleuves, et un drapeau planté au beau milieu était décoré du symbole de la Révolution."
"leroux1909parfum","M. Darzac avait, près de la saignée du bras droit, une large tache de naissance dont les contours semblaient curieusement suivre le dessin géographique de l’Australie. Mentalement, pendant que le pharmacien opérait, je n’avais pu m’empêcher de placer, sur ce bras, aux endroits qu’elles occupent sur la carte, Melbourne, Sydney, Adélaïde ; et il y avait encore sous cette large tache une autre toute petite tache située dans les environs de la terre dite de Tasmanie."
"londres1930juif","Sortons un peu de nos frontières. Le monde ne tient pas dans la carte de France."
"luciani2010brigade","Pourquoi les cartes météo sont-elles livrées avec des nuages en haut et des soleils en bas ?"
"maupassant1887mont","Le médecin la fit étendre sur un canapé, puis, tirant de sa poche un crayon à trois becs, un noir, un rouge, un bleu, il commença à ausculter et percuter sa nouvelle cliente en criblant le peignoir de petits traits de couleur, notant chaque observation. Elle ressemblait, après un quart d’heure de ce travail, à une carte de géographie indiquant les continents, les mers, les caps, les fleuves, les royaumes et les villes, et portant les noms de toutes ces divisions terrestres, car le docteur écrivait, sur chaque ligne de démarcation, deux ou trois mots latins, compréhensibles pour lui seul."
"mishima1980mer","La peinture s'écaillait sur la coque sombre du <i>Chung Lien</i>. Le rouge vif de l'antirouille dessinait autour de la proue comme une carte aérienne des installations portuaires."
"mishima1980mer","La péninsule d'Ise s'envelissait dans la brume. Un temps, ce ne fut plus la péninsule. C'était le spectre d'une péninsule perdue. Puis, elle disparut tout à fait, devenue terre imaginaire sur la carte."
"mishima1980mer","Ayant consulté la carte, il vit que les endroits qu'il désirait visiter [...] étaient si éloignés l'un de l'autre qu'il en défaillt presque."
"mishima1980mer","Son père acheta une nouvelle et immense carte qu'il fit suspendre au mur de la salle de billard. Il s'attendait, à l'évidence, eveiller de vastes pensées chez Kiyoaki. Toutefois, ces océans plats et sans vie ne reussirent pas à l'enthousismer."
"nothomb2012barbe","Il y a une géographie amoureuse qui vaut les cartographies guerrières."
"orsenna2010entreprise","Qu'est-ce qu'une carte ? Un morceau résumé et pacifié de la Terre. Qu'est-ce qu'un cartographe ? Quelqu'un qui s'arrange pour vivre à l'écart."
"orsenna2010entreprise","Chaque carte est une peau. Comme une peau, elle confère l'identité. Comme une peau, elle est sac ; elle évite que les réalités contenues en elle ne s'évident."
"orwell19501984","Quand on perd tout repère extérieur, la vie elle-même devient floue. On se rappelle certains événements marquants qui n’ont peut-être jamais eu lieu, les détails d’incidents dont l’atmosphère échappe complètement, et puis il y a de longs intervalles vides auxquels rien ne se rattache. Tout était différent, à l’époque. Même le nom des pays, leurs contours sur la carte. La Zone Aérienne Numéro Un, par exemple, s’appelait l’Angleterre, ou peut-être la Grande-Bretagne. Londres, en revanche, il en est à peu près sûr, s’est toujours appelé Londres."
"pagnol1957gloire","Joseph était devenu magnifique. Il avait un costume neuf bleu marine, digne de l'école des Chartreux : ses lunettes, jadis cerclées de fer, brillaient maintenant dans une monture d'or, et leurs verres s'étaient arrondis : enfin, il portait une cravate d'artiste, une ganse noire aux deux bouts pendants. Mais cette prétention était justifiée par le fait qu'il s'était associé à son collègue Arnaud, pour travailler le jeudi et le dimanche matin, à la reproduction des cartes murales de géographie, que les éditions Vidal-Lablache leur payaient jusqu'à cent francs l'une, dans le budget familial, Vidal-Lablache était compté pour vingt-cinq francs par mois, et ce nom double était deux fois béni."
"poe1835pfaall","Il y avait vraisemblablement lieu de supposer que le ballon devait maintenant – 7 avril, quatre heures du matin – avoir atteint une hauteur qui était au moins de 7 254 milles au-dessus du niveau de la mer. Cette élévation peut paraître énorme ; mais l’estime sur laquelle elle était basée donnait très-probablement un résultat bien inférieur à la réalité. En tout cas, j’avais indubitablement sous les yeux la totalité du plus grand diamètre terrestre ; tout l’hémisphère nord s’étendait au-dessous de moi comme une carte en projection orthographique ; et le grand cercle même de l’équateur formait la ligne frontière de mon horizon."
"poe1844lettre","– Il existe, reprit Dupin, un jeu de divination, qu’on joue avec une carte géographique. Un des joueurs prie quelqu’un de deviner un mot donné, un nom de ville, de rivière, d’État ou d’empire, enfin un mot quelconque compris dans l’étendue bigarrée et embrouillée de la carte. Une personne novice dans le jeu cherche en général à embarrasser ses adversaires en leur donnant à deviner des noms écrits en caractères imperceptibles ; mais les adeptes du jeu choisissent des mots en gros caractères qui s’étendent d’un bout de la carte à l’autre. Ces mots-là, comme les enseignes et les affiches à lettres énormes, échappent à l’observateur par le fait même de leur excessive évidence ; et, ici, l’oubli matériel est précisément analogue à l’inattention morale d’un esprit qui laisse échapper les considérations trop palpables, évidentes jusqu’à la banalité et l’importunité."
"pratchett1987fille","Un village se tapissait dans une vallée étroite entre des bois à flanc d’escarpements. Ce n’était pas un grand village, on ne l’aurait pas vu sur une carte des montagnes. On le voyait à peine sur une carte du village. C’était en fait une de ces localités qui n’existent que pour permettre à des gens d’en être originaires. L’univers en est infesté : villages cachés, petites villes balayées par les vents sous des cieux immenses, voire cabanes isolées dans des montagnes glaciales, dont l’histoire retient seulement qu’ils ont été le lieu incroyablement ordinaire où un événement extraordinaire a pris naissance. Souvent il n’y a rien de plus qu’une petite plaque pour signaler que, contre toute vraisemblance gynécologique, un personnage très célèbre a vu le jour à mi-hauteur d’un mur."
"pratchett1990presages","Les géomètres marmonnent souvent dans leur barbe, ils marmonnent des choses comme : « La bretelle de délestage va passer par ici avant qu’on ait eu le temps de dire ouf », ou : « Ça fera trois mètres cinquante, à un poil de cul près. » Mais ces marmonnements-ci étaient d’une tout autre nature. « Nuit d’ébène/ Et lune pleine, marmonnait Anathème, Au sud est/ Et Ouest… Sud Ouest… Ouest Sud Ouest… on y est… » Elle ramassa une carte d’état-major pliée et la plaça dans le faisceau de sa torche. Puis elle produisit une règle en plastique transparent et un crayon et se mit en devoir de tracer un trait sur le plan, interceptant une autre ligne au crayon."
"pratchett1990presages","Pendant ce temps, Rampa avait pris un prospectus sur le comptoir. Il présentait des photos du manoir sur papier glacé, et vantait ses jacuzzis, sa piscine intérieure chauffée ; au dos figurait le genre de cartes dont sont dotés tous les centres de conférences et qui, par un artifice judicieux de l’échelle, suggère que le centre est à portée immédiate de toutes les bretelles d’autoroute du pays, tout en omettant scrupuleusement d’évoquer le dédale de petites routes de campagne qui le cerne complètement à des kilomètres à la ronde."
"pratchett1993sortilege","Lorsque les premiers explorateurs des pays chauds riverains de la mer Circulaire s’aventurèrent dans le froid de l’arrière-pays pour compléter les espaces blancs de leurs cartes, ils sautaient sur le premier indigène venu, désignaient au loin un point de repère, demandaient ce que c’était d’une voix forte et claire et notaient ce que leur répondait l’homme stupéfait. Ainsi restèrent immortalisés dans des générations d’atlas des bizarreries géographiques telles que « Rien-qu’une-Montagne », « Je-Sais-Pas », « Quoi ? » et bien entendu « Ton-Doigt, Crétin »."
"priest1975inverti","Il me montra la carte dessinée sur un long rouleau de papier et m’en expliqua les symboles. Si je comprenais bien, notre tâche consistait à prolonger le relevé vers le nord. Denton avait un instrument sur un grand trépied de bois, avec lequel il effectuait de temps à autre une lecture, notant tout sur la carte."
"proust1925albertine","J’avais souffert une première fois quand s’était individualisé géographiquement le lieu où était Albertine. Quand j’avais appris qu’au lieu d’être dans deux ou trois endroits possibles, elle était en Touraine, ces mots de sa concierge avaient marqué dans mon cœur comme sur une carte la place où il fallait enfin souffrir."
"pujol2018marseille","L'éducateur responsable du programme pouvait localiser chacun sur sa carte et lui envoyer un texto via son ordinateur."
"queneau1868icare","Enfin, en quatrième lieu, ayant donc fait le point, il ne me reste plus que la latitude d'aller me coucher sur la longitude de mon pieu, ce que nous allons faire non sans plaisir."
"rabelais1542gargantua","« Gargantua assis sur le clocher de Tripleville, un pied sur celui d'Ouzouer-le-Marché et l'autre sur celui de Verdes, jouant au bouchon, ayant pour palet la table du dolmen et pour quille ou 'drue' le menhir qui est auprès ». (le tout dans le Loir-et-Cher)"
"rabelais1564cinquieme","L’un d’eux, tenant une mappemonde, la leur enseignait par petits aphorismes ; tous y devenaient clercs et savants en peu d’heures et parlaient de choses qu’il faudrait une vie entière pour connaître, non pas entièrement, mais en minime partie, des Pyramides, du Nil, de Babylone, des Troglodytes, des Pygmées, des Cannibales, de tous les diables, et le tout par ouï-dire. Là, je vis Hérodote, Pline, Solin, Bérose, Philostrate, Méla, Strabon et tant d’autres antiques, Albert-le-Grand, Paul Jove, Jacques Cartier, Marco Polo et je ne sais combien d’autres modernes historiens, écrivant de belles besognes, et le tout par ouï-dire."
"saint1939terre","Et, peu à peu, l'Espagne de ma carte devenait, sous la lampe, un pays de contes de fées. Je balisais d'une croix les refuges et les pièges. Je balisais ce fermier, ces trente moutons, ce ruisseau. Je portais,  à  sa  place  exacte,  cette  bergère  qu'avaient  négligée  les  géographes."
"saint1939terre","Toute la nuit j’ai étudié la carte. Mon travail était inutile, puisque j’ignorais ma position. Mais je me penchais sur tous les signes qui m’indiquaient la présence de l’homme.  Et, quelque part, j’ai découvert un petit cercle surmonté d’une croix semblable.  Je me suis reporté à la légende et j’y ai lu « Établissement religieux. » À côté de la croix j’ai vu un point noir. Je me suis reporté encore à la légende, et j’y ai lu : « Puits permanent. »  J’ai reçu un grand choc au cœur et j’ai relu tout haut : « Puits permanent...  Puits permanent...  Puits permanent ! »  Ali-Baba et ses trésors, est-ce que ça compte en regard d’un puits permanent ?  Un peu plus loin j’ai remarqué deux cercles blancs.  J’ai lu sur la légende : « Puits temporaire. »  C’était déjà moins beau. Puis tout autour il n’y avait plus rien. Rien."
"saint1939terre","Mais quelle étrange leçon de géographie je reçus là ! Guillaumet ne m'enseignait pas l'Espagne ; il me faisait de l'Espagne une amie. Il ne me parlait ni d'hydrographie, ni de populations, ni de cheptel. Il ne me parlait pas de Guadix, mais des trois orangers qui, près de Guadix, bordent un champ : « Méfie-toi d'eux, marque-les sur ta carte... » Et les trois orangers y tenaient désormais plus de place que la Sierra Nevada. Il ne me parlait pas de Lorca, mais d'une simple ferme près de Lorca. D'une ferme vivante. Et de son fermier. Et de sa fermière. Et ce couple prenait, perdu dans l'espace, à quinze cents kilomètres de nous, une importance démesurée. Bien installés sur le versant de leur montagne, pareils à des gardiens de phare, ils étaient prêts, sous leurs étoiles, à porter secours à des hommes."
"silverberg1983chroniques","Il reporta son attention sur les cartes, les examinant en courbant la tête et en plissant les yeux. La fumée grasse qui flottait dans l’air lui faisait monter les larmes aux yeux et lui brouillait la vue et les traits des cartes étaient très fins. Il suivit lentement de sa baguette les courbes de niveau des contreforts au-dessous de Hamifieu, cochant les villages figurant sur ses feuilles de rapports."
"simmons1992echiquier","« Okay, dit-il. Voyons un peu la gueule qu’a ce foutu pays. » Il déroula une carte topographique sur la table, calant ses quatre coins avec le pistolet et les trois chargeurs. Son index se posa sur un groupe de points situés de part et d’autre d’une ligne rouge. « Bayerisch-Eisenstein. Nous sommes ici. » Son doigt se planta deux centimètres plus au nord-ouest. La propriété de Willi est ici, derrière cette colline… — La Grosse Arber, dit Maria Chen. — Peu importe. Ici, en plein milieu de la forêt… — Le Bayerischer Wald », dit Maria Chen. Harod la regarda en silence pendant deux bonnes minutes, puis se repencha sur la carte. « Ça fait partie d’un parc national… mais c’est quand même une propriété privée. N’importe quoi !"
"stevenson1885tresor","Des heures entières, je rêvais de la carte, dont je me rappelais nettement les détails."
"stevenson1885tresor","Et il jeta sur le sol un papier que je reconnus aussitôt : rien de moins que la carte sur papier jauni."
"tchekhov1894moine","Le soleil de midi éclaire une de ces petites villes en surnombre que, selon l’expression du directeur de la prison, on ne peut trouver, même au « télescope », sur aucune carte."
"tesson2016chemins","Il y avait encore une géographie de traverse pour peu qu'on lise les cartes, que l'on accepte le détour et force les passages."
"tolstoi1884guerre","...mais le général autrichien, sans s'arrêter, fronçant le sourcil, fit un geste impératif de la main comme s'il voulait lui dire: «Après, après, vous me ferez vos observations; maintenant suivez sur la carte et écoutez.» Langeron, surpris, leva les yeux au ciel, se tourna en cherchant une explication du côté de Miloradovitch; mais, rencontrant son regard sans expression, il pencha tristement la tête et recommença à faire tourner sa tabatière."
"tsuji2005tokyo","J'étais déconcerté par les effets provoqués par ma carte depuis qu'elle avait échappé à mon contrôle."
"tsuji2005tokyo","Ta carte est un évènement qui va faire date."
"tsuji2005tokyo","Et c'était peut ^etre afin de me questionner moi-même que je m'étais attqué à ce projet de cartographie."
"twain1992mississippi","Quand je suis d'humeur joyeuse, je me sers des méridiens de longitude et des parallèles de latitude comme d'un filet, et je drague les baleines dans l'Atlantique."
"van2012aller","J'ai vu, sur la carte d'état major, que le guide a fait un détour de quarantes kilomètres sur l'itinéraire prévu pour permettre d'admirer la vue."
"van2012aller","Valérie vaque à ses occupations, trace des traits sur les cartes, manie le compas et la boussole pour remédier aux carences de notre homme gris."
"van2012aller","Quand les portes de la camionette se sont refermées, je leur ai demandé une carte de France."
"van2012identite","Il m'a étudié longuement, explorant chaque centimètre carré de mon visage comme s'il cartographiait, à intervalles réguliers, d'impercepibles hochements de tête exprimant une sorte de validation."
"vann2016dernier","Alors c'était difficle de le pousser à s'ouvrir, mais une fois qu'il devenait son ami, il ne cachait plus autant ses cartes - et c'est ce qu'il me reprochait, de toujours cacher mes cartes."
"verne1872tour","Avait-il voyagé ? C'était probable, car personne ne possédait mieux que lui la carte du monde."
"verne1875ile","Quant à l’atlas, c’était un magnifique ouvrage, comprenant les cartes du monde entier et plusieurs planisphères dressés suivant la projection de Mercator, et dont la nomenclature était en français, — mais qui ne portait non plus ni date de publication, ni nom d’éditeur."
"verne1875ile","— Hurrah ! s’écria Pencroff, et ce ne sera pas un petit cadeau que nous ferons là à notre pays ! La colonisation est déjà presque achevée, les noms sont donnés à toutes les parties de l’île, il y a un port naturel, une aiguade, des routes, une ligne télégraphique, un chantier, une usine, et il n’y aura plus qu’à inscrire l’île Lincoln sur les cartes !"
"wells1898guerre","Immédiatement au-dessous de lui, l’aéronaute aurait vu, immense et interminable, le réseau des rues, les maisons, les églises, les squares, les places, les jardins déjà vides, s’étaler comme une immense carte, avec toute la contrée du Sud barbouillée de noir. À la place d’Ealing, de Richmond, de Wimbledon, quelque plume monstrueuse avait laissé tomber une énorme tache d’encre. Incessamment et avec persistance chaque éclaboussure noire croissait et s’étendait, envoyant des ramifications de tous côtés, tantôt se resserrant entre des élévations de terrain, tantôt dégringolant rapidement la pente de quelque vallée nouvelle, de la même façon qu’une tache s’étendrait sur du papier buvard."
"werber2018pandore","Le professeur d’histoire fait glisser son doigt depuis Paris.<br/>– Plus bas, plus à gauche, plus à gauche, plus bas, encore un peu à gauche. C’est là !<br/>René regarde ce qu’il y a sous son index.<br/>– Mais c’est au milieu de l’océan Atlantique !<br/>– Ta carte, tout comme ta connaissance du passé, est incomplète.<br/>René ne peut quitter des yeux l’endroit où Geb est censé vivre.<br/>– Quand même, cela me surprend beaucoup que votre île d’Ha-mem-ptah ne soit pas indiquée sur ma mappemonde. Nos satellites ont détecté toutes les terres émergées. À moins que…"
"werth1992jours","Il nous montre un atlas de poche et sur cet atlas les régions occupées par les troupes allemandes et italiennes. Le trait qu'il dessinait du doigt était à peu près exact. Mais nous ne le savons pas encore et nous croyons que ses chefs l'ont trompé."
"zola1886rome","Mais, comme il se décidait à marcher doucement de long en large, Pierre tomba sur une carte, accrochée au mur, dont la vue l’occupa, l’emplit des pensées les plus vastes au point de lui faire tout oublier. Cette carte, en couleurs, était celle du monde catholique, la terre entière, la mappemonde déroulée, où les diverses teintes indiquaient les territoires, selon qu’ils appartenaient au catholicisme victorieux maître absolu, ou bien au catholicisme toujours en lutte contre les infidèles, et ces derniers pays classés selon l’organisation en vicariats ou en préfectures. N’était-ce pas, graphiquement, tout l’effort séculaire du catholicisme, la domination universelle qu’il a voulue dès la première heure, qu’il n’a cessé de vouloir et de poursuivre à travers les temps ?"
"zweig2013amerigo","La seule exigence d'ordre géographique que ma démonstration impose au lecteur est la suivante : il faut oublier tout ce que lui ont appris les atlas si complets, et qu'il commence par effacer la carte qu'il a dans la tête, la forme, l'allure générale et jusqu'à la présence du continent américain."
